epoch,time,train/box_loss,train/cls_loss,train/dfl_loss,metrics/precision(B),metrics/recall(B),metrics/mAP50(B),metrics/mAP50-95(B),val/box_loss,val/cls_loss,val/dfl_loss,lr/pg0,lr/pg1,lr/pg2,lr/pg3,lr/pg4,lr/pg5,lr/pg6,lr/pg7
1,13.7495,1.43147,4.21509,1.13936,0.0095,0.17825,0.00845,0.00395,0.91086,4.3583,0.95695,0.00010002,3.334e-05,0.00010002,3.334e-05,0.00010002,3.334e-05,0.00010002,3.334e-05
2,26.3991,1.47576,4.11756,1.07929,0.01012,0.17951,0.00873,0.00453,0.90251,4.24641,0.95801,0.000247575,8.25248e-05,0.000247575,8.25248e-05,0.000247575,8.25248e-05,0.000247575,8.25248e-05
3,38.6526,1.35035,4.14237,1.12011,0.01342,0.22997,0.01234,0.00672,0.86263,3.95525,0.94919,0.000392158,0.000130719,0.000392158,0.000130719,0.000392158,0.000130719,0.000392158,0.000130719
4,50.8675,1.4134,3.56183,1.01674,0.0215,0.34635,0.02824,0.01824,0.80338,3.49154,0.93129,0.000533772,0.000177924,0.000533772,0.000177924,0.000533772,0.000177924,0.000533772,0.000177924
5,63.1657,1.21219,2.98089,0.95589,0.15464,0.17956,0.09729,0.06989,0.7403,2.8425,0.91274,0.000672414,0.000224138,0.000672414,0.000224138,0.000672414,0.000224138,0.000672414,0.000224138
6,75.2395,1.10685,2.15518,0.93126,0.2897,0.26217,0.22119,0.17366,0.69613,2.26995,0.89957,0.000808087,0.000269362,0.000808087,0.000269362,0.000808087,0.000269362,0.000808087,0.000269362
7,87.348,1.01752,1.74956,0.91059,0.32213,0.35586,0.35618,0.29452,0.67862,1.59953,0.89288,0.000940788,0.000313596,0.000940788,0.000313596,0.000940788,0.000313596,0.000940788,0.000313596
8,99.4065,0.86506,1.42827,0.97091,0.36707,0.42977,0.39522,0.33323,0.6595,1.27661,0.88398,0.00107052,0.00035684,0.00107052,0.00035684,0.00107052,0.00035684,0.00107052,0.00035684
9,111.622,0.76385,1.24199,0.93795,0.40805,0.45994,0.42849,0.3589,0.64634,1.03206,0.87565,0.00119728,0.000399093,0.00119728,0.000399093,0.00119728,0.000399093,0.00119728,0.000399093
10,123.969,0.82564,1.02757,0.9228,0.42566,0.42672,0.43467,0.36942,0.64883,1.00816,0.87413,0.00132107,0.000440356,0.00132107,0.000440356,0.00132107,0.000440356,0.00132107,0.000440356
11,136.46,0.75322,0.88861,0.87839,0.64196,0.45994,0.45131,0.38444,0.61208,0.90589,0.86518,0.00144189,0.000480629,0.00144189,0.000480629,0.00144189,0.000480629,0.00144189,0.000480629
12,148.763,0.71293,0.84977,0.89605,0.65488,0.47261,0.46677,0.39976,0.59147,0.84089,0.86387,0.00155974,0.000519912,0.00155974,0.000519912,0.00155974,0.000519912,0.00155974,0.000519912
13,161.296,0.61247,0.68326,0.8461,0.68138,0.54031,0.5303,0.43886,0.51328,0.74653,0.85054,0.00167461,0.000558205,0.00167461,0.000558205,0.00167461,0.000558205,0.00167461,0.000558205
14,173.581,0.59396,0.7877,0.84209,0.71829,0.58443,0.56537,0.45519,0.51311,0.71538,0.85066,0.00178652,0.000595507,0.00178652,0.000595507,0.00178652,0.000595507,0.00178652,0.000595507
15,185.969,0.6016,0.67957,0.86954,0.76208,0.6212,0.60559,0.4652,0.51382,0.64732,0.84633,0.00189546,0.00063182,0.00189546,0.00063182,0.00189546,0.00063182,0.00189546,0.00063182
16,198.48,0.5701,0.59704,0.84824,0.7649,0.64326,0.61226,0.47692,0.4987,0.61811,0.84417,0.00200143,0.000667142,0.00200143,0.000667142,0.00200143,0.000667142,0.00200143,0.000667142
17,210.941,0.5152,0.53566,0.81152,0.88949,0.6359,0.61999,0.4901,0.48827,0.59979,0.83512,0.00210442,0.000701474,0.00210442,0.000701474,0.00210442,0.000701474,0.00210442,0.000701474
18,223.1,0.52636,0.53401,0.80529,0.88894,0.6359,0.62011,0.48489,0.47496,0.5691,0.83136,0.00220445,0.000734815,0.00220445,0.000734815,0.00220445,0.000734815,0.00220445,0.000734815
19,235.244,0.5036,0.48493,0.79148,0.88656,0.6359,0.62055,0.49261,0.48043,0.56699,0.83293,0.0023015,0.000767167,0.0023015,0.000767167,0.0023015,0.000767167,0.0023015,0.000767167
20,247.546,0.58322,0.55931,0.83612,0.88428,0.6359,0.62683,0.4973,0.47008,0.5334,0.83499,0.00239558,0.000798528,0.00239558,0.000798528,0.00239558,0.000798528,0.00239558,0.000798528
21,259.831,0.47722,0.47754,0.80548,0.85055,0.64326,0.62998,0.49815,0.44824,0.50787,0.83275,0.0024867,0.000828899,0.0024867,0.000828899,0.0024867,0.000828899,0.0024867,0.000828899
22,272.144,0.52749,0.56953,0.86961,0.83454,0.67173,0.63297,0.51023,0.42213,0.4749,0.82548,0.00257484,0.00085828,0.00257484,0.00085828,0.00257484,0.00085828,0.00257484,0.00085828
23,284.25,0.48226,0.51607,0.83387,0.81978,0.68002,0.63397,0.50422,0.41452,0.47429,0.82357,0.00266001,0.000886671,0.00266001,0.000886671,0.00266001,0.000886671,0.00266001,0.000886671
24,296.269,0.51825,0.46923,0.80417,0.84576,0.68002,0.63564,0.51862,0.42468,0.46726,0.82688,0.00274221,0.000914071,0.00274221,0.000914071,0.00274221,0.000914071,0.00274221,0.000914071
25,308.394,0.49801,0.51206,0.81515,0.82121,0.68002,0.63706,0.51576,0.4376,0.45991,0.82952,0.00282144,0.000940481,0.00282144,0.000940481,0.00282144,0.000940481,0.00282144,0.000940481
26,320.668,0.4465,0.4264,0.80911,0.84615,0.68737,0.6417,0.52624,0.42189,0.45523,0.82729,0.0028977,0.000965901,0.0028977,0.000965901,0.0028977,0.000965901,0.0028977,0.000965901
27,332.915,0.48155,0.44929,0.82381,0.87053,0.68002,0.64561,0.51819,0.42944,0.45148,0.8266,0.00297099,0.000990331,0.00297099,0.000990331,0.00297099,0.000990331,0.00297099,0.000990331
28,345.09,0.46447,0.45333,0.79901,0.8804,0.68737,0.65247,0.53752,0.41061,0.43105,0.82458,0.00304131,0.00101377,0.00304131,0.00101377,0.00304131,0.00101377,0.00304131,0.00101377
29,357.213,0.528,0.47387,0.82372,0.8804,0.68737,0.65247,0.53752,0.41061,0.43105,0.82458,0.00310866,0.00103622,0.00310866,0.00103622,0.00310866,0.00103622,0.00310866,0.00103622
30,369.386,0.47206,0.42785,0.80538,0.84836,0.68002,0.63856,0.51076,0.43624,0.44343,0.82575,0.00317304,0.00105768,0.00317304,0.00105768,0.00317304,0.00105768,0.00317304,0.00105768
31,381.561,0.5162,0.44569,0.7999,0.90116,0.69432,0.64968,0.5286,0.41775,0.4492,0.8193,0.00323445,0.00107815,0.00323445,0.00107815,0.00323445,0.00107815,0.00323445,0.00107815
32,393.827,0.48123,0.42664,0.79482,0.82528,0.69473,0.64088,0.5142,0.41039,0.45139,0.82475,0.00329288,0.00109763,0.00329288,0.00109763,0.00329288,0.00109763,0.00329288,0.00109763
33,405.993,0.46047,0.41832,0.79849,0.82528,0.69473,0.64088,0.5142,0.41039,0.45139,0.82475,0.00334835,0.00111612,0.00334835,0.00111612,0.00334835,0.00111612,0.00334835,0.00111612
34,418.21,0.46028,0.42666,0.79423,0.90052,0.69409,0.65233,0.52748,0.4236,0.44975,0.82731,0.00336717,0.00112239,0.00336717,0.00112239,0.00336717,0.00112239,0.00336717,0.00112239
35,430.225,0.51977,0.45476,0.82609,0.85273,0.69473,0.65388,0.53101,0.39788,0.4382,0.82538,0.00331766,0.00110589,0.00331766,0.00110589,0.00331766,0.00110589,0.00331766,0.00110589
36,442.371,0.48911,0.48291,0.81858,0.8755,0.69473,0.65274,0.52578,0.41453,0.44035,0.82499,0.00326815,0.00108938,0.00326815,0.00108938,0.00326815,0.00108938,0.00326815,0.00108938
37,454.403,0.50961,0.43299,0.812,0.8755,0.69473,0.65274,0.52578,0.41453,0.44035,0.82499,0.00321864,0.00107288,0.00321864,0.00107288,0.00321864,0.00107288,0.00321864,0.00107288
38,466.621,0.45244,0.4455,0.82442,0.83192,0.69473,0.64141,0.51068,0.41312,0.44299,0.82606,0.00316913,0.00105638,0.00316913,0.00105638,0.00316913,0.00105638,0.00316913,0.00105638
39,478.899,0.44233,0.3692,0.80707,0.88759,0.69284,0.65059,0.53022,0.39387,0.42558,0.82455,0.00311962,0.00103987,0.00311962,0.00103987,0.00311962,0.00103987,0.00311962,0.00103987
40,491.132,0.52299,0.49359,0.86804,0.87003,0.68737,0.64989,0.52489,0.38709,0.42891,0.82114,0.00307011,0.00102337,0.00307011,0.00102337,0.00307011,0.00102337,0.00307011,0.00102337
41,503.24,0.45824,0.44123,0.82032,0.87003,0.68737,0.64989,0.52489,0.38709,0.42891,0.82114,0.0030206,0.00100687,0.0030206,0.00100687,0.0030206,0.00100687,0.0030206,0.00100687
42,515.368,0.44304,0.40801,0.8066,0.86927,0.68737,0.64946,0.52964,0.38699,0.41606,0.82006,0.00297109,0.000990365,0.00297109,0.000990365,0.00297109,0.000990365,0.00297109,0.000990365
43,527.603,0.47521,0.43624,0.82489,0.87613,0.69292,0.65195,0.52448,0.39431,0.43326,0.81952,0.00292158,0.000973861,0.00292158,0.000973861,0.00292158,0.000973861,0.00292158,0.000973861
44,540.067,0.45037,0.39955,0.80666,0.8649,0.69255,0.6453,0.52328,0.40031,0.45498,0.82056,0.00287207,0.000957358,0.00287207,0.000957358,0.00287207,0.000957358,0.00287207,0.000957358
45,552.12,0.42097,0.36899,0.8058,0.8649,0.69255,0.6453,0.52328,0.40031,0.45498,0.82056,0.00282256,0.000940855,0.00282256,0.000940855,0.00282256,0.000940855,0.00282256,0.000940855
46,564.19,0.51245,0.4511,0.82327,0.86292,0.68737,0.6534,0.53448,0.39163,0.44911,0.82173,0.00277305,0.000924352,0.00277305,0.000924352,0.00277305,0.000924352,0.00277305,0.000924352
47,576.625,0.45824,0.44207,0.82524,0.87046,0.68737,0.65232,0.52774,0.40661,0.44141,0.82255,0.00272354,0.000907848,0.00272354,0.000907848,0.00272354,0.000907848,0.00272354,0.000907848
48,589.495,0.45155,0.40234,0.8212,0.85112,0.68737,0.652,0.53449,0.39218,0.43258,0.82224,0.00267403,0.000891345,0.00267403,0.000891345,0.00267403,0.000891345,0.00267403,0.000891345
49,601.545,0.46329,0.384,0.81009,0.85112,0.68737,0.652,0.53449,0.39218,0.43258,0.82224,0.00262452,0.000874842,0.00262452,0.000874842,0.00262452,0.000874842,0.00262452,0.000874842
50,613.8,0.43641,0.37356,0.81226,0.87961,0.68737,0.65417,0.52789,0.40346,0.43406,0.82269,0.00257501,0.000858338,0.00257501,0.000858338,0.00257501,0.000858338,0.00257501,0.000858338
51,625.882,0.42064,0.34263,0.79859,0.85069,0.68737,0.65181,0.53548,0.38565,0.41577,0.81875,0.0025255,0.000841835,0.0025255,0.000841835,0.0025255,0.000841835,0.0025255,0.000841835
52,637.991,0.41397,0.34604,0.79069,0.88056,0.68737,0.65443,0.5362,0.38365,0.41814,0.81843,0.002476,0.000825332,0.002476,0.000825332,0.002476,0.000825332,0.002476,0.000825332
53,650.233,0.44222,0.38287,0.80582,0.88056,0.68737,0.65443,0.5362,0.38365,0.41814,0.81843,0.00242649,0.000808828,0.00242649,0.000808828,0.00242649,0.000808828,0.00242649,0.000808828
54,662.432,0.46802,0.38708,0.80941,0.87287,0.68737,0.6547,0.54031,0.37684,0.39644,0.81616,0.00237698,0.000792325,0.00237698,0.000792325,0.00237698,0.000792325,0.00237698,0.000792325
55,674.593,0.43642,0.34972,0.79745,0.85866,0.68737,0.65254,0.53957,0.38824,0.39276,0.81629,0.00232747,0.000775822,0.00232747,0.000775822,0.00232747,0.000775822,0.00232747,0.000775822
56,686.535,0.50095,0.40025,0.79808,0.87707,0.68737,0.65739,0.54513,0.36945,0.37543,0.81297,0.00227796,0.000759318,0.00227796,0.000759318,0.00227796,0.000759318,0.00227796,0.000759318
57,698.583,0.44808,0.38215,0.83155,0.87707,0.68737,0.65739,0.54513,0.36945,0.37543,0.81297,0.00222845,0.000742815,0.00222845,0.000742815,0.00222845,0.000742815,0.00222845,0.000742815
58,710.692,0.43923,0.38649,0.81367,0.8459,0.68737,0.65489,0.5459,0.36317,0.3692,0.81006,0.00217894,0.000726312,0.00217894,0.000726312,0.00217894,0.000726312,0.00217894,0.000726312
59,722.823,0.44236,0.39524,0.80736,0.8497,0.68737,0.65384,0.54082,0.37404,0.37222,0.81083,0.00212943,0.000709809,0.00212943,0.000709809,0.00212943,0.000709809,0.00212943,0.000709809
60,734.933,0.45563,0.38245,0.8096,0.85201,0.68465,0.65308,0.55117,0.35816,0.36645,0.80849,0.00207992,0.000693305,0.00207992,0.000693305,0.00207992,0.000693305,0.00207992,0.000693305
61,746.973,0.41369,0.34857,0.8072,0.85201,0.68465,0.65308,0.55117,0.35816,0.36645,0.80849,0.00203041,0.000676802,0.00203041,0.000676802,0.00203041,0.000676802,0.00203041,0.000676802
62,759.075,0.41318,0.37181,0.80801,0.84176,0.68224,0.65418,0.54968,0.36071,0.37857,0.80909,0.0019809,0.000660299,0.0019809,0.000660299,0.0019809,0.000660299,0.0019809,0.000660299
63,771.187,0.40786,0.39471,0.82424,0.86382,0.68588,0.65267,0.55194,0.35843,0.37473,0.80915,0.00193139,0.000643795,0.00193139,0.000643795,0.00193139,0.000643795,0.00193139,0.000643795
64,783.488,0.44036,0.40346,0.81409,0.82919,0.68737,0.65457,0.54793,0.36184,0.37827,0.80883,0.00188188,0.000627292,0.00188188,0.000627292,0.00188188,0.000627292,0.00188188,0.000627292
65,795.448,0.42437,0.32773,0.77374,0.82919,0.68737,0.65457,0.54793,0.36184,0.37827,0.80883,0.00183237,0.000610789,0.00183237,0.000610789,0.00183237,0.000610789,0.00183237,0.000610789
66,807.532,0.43743,0.36312,0.79854,0.85314,0.68737,0.65694,0.54883,0.35216,0.38004,0.80738,0.00178286,0.000594286,0.00178286,0.000594286,0.00178286,0.000594286,0.00178286,0.000594286
67,819.578,0.40536,0.31779,0.79665,0.84582,0.68391,0.65653,0.5526,0.35027,0.38004,0.80774,0.00173335,0.000577782,0.00173335,0.000577782,0.00173335,0.000577782,0.00173335,0.000577782
68,831.578,0.38823,0.32046,0.78848,0.84561,0.67834,0.65708,0.54744,0.35477,0.39304,0.80881,0.00168384,0.000561279,0.00168384,0.000561279,0.00168384,0.000561279,0.00168384,0.000561279
69,843.374,0.46316,0.38568,0.81854,0.84561,0.67834,0.65708,0.54744,0.35477,0.39304,0.80881,0.00163433,0.000544776,0.00163433,0.000544776,0.00163433,0.000544776,0.00163433,0.000544776
70,855.257,0.3842,0.34992,0.81482,0.85626,0.68274,0.65736,0.55566,0.35238,0.38989,0.81006,0.00158482,0.000528272,0.00158482,0.000528272,0.00158482,0.000528272,0.00158482,0.000528272
71,867.281,0.40097,0.35141,0.8132,0.86332,0.69152,0.65958,0.55015,0.35148,0.39268,0.80993,0.00153531,0.000511769,0.00153531,0.000511769,0.00153531,0.000511769,0.00153531,0.000511769
72,879.366,0.44233,0.35415,0.80954,0.85837,0.68973,0.65711,0.55642,0.34954,0.39241,0.80949,0.0014858,0.000495266,0.0014858,0.000495266,0.0014858,0.000495266,0.0014858,0.000495266
73,891.308,0.36891,0.28926,0.78461,0.85837,0.68973,0.65711,0.55642,0.34954,0.39241,0.80949,0.00143629,0.000478762,0.00143629,0.000478762,0.00143629,0.000478762,0.00143629,0.000478762
74,903.547,0.38287,0.32007,0.79613,0.85505,0.68523,0.65983,0.55623,0.35194,0.39624,0.80995,0.00138678,0.000462259,0.00138678,0.000462259,0.00138678,0.000462259,0.00138678,0.000462259
75,915.495,0.44679,0.36653,0.83952,0.86368,0.67942,0.66413,0.55617,0.35217,0.39501,0.80998,0.00133727,0.000445756,0.00133727,0.000445756,0.00133727,0.000445756,0.00133727,0.000445756
76,927.63,0.39501,0.35134,0.80304,0.85439,0.67989,0.66425,0.56099,0.35179,0.39661,0.81088,0.00128776,0.000429253,0.00128776,0.000429253,0.00128776,0.000429253,0.00128776,0.000429253
77,939.653,0.42796,0.33677,0.79948,0.85439,0.67989,0.66425,0.56099,0.35179,0.39661,0.81088,0.00123825,0.000412749,0.00123825,0.000412749,0.00123825,0.000412749,0.00123825,0.000412749
78,951.795,0.39618,0.31955,0.81345,0.85544,0.68199,0.66461,0.55723,0.35292,0.39749,0.80932,0.00118874,0.000396246,0.00118874,0.000396246,0.00118874,0.000396246,0.00118874,0.000396246
79,963.772,0.36388,0.29836,0.79428,0.87684,0.68418,0.66489,0.55538,0.34978,0.39868,0.81042,0.00113923,0.000379743,0.00113923,0.000379743,0.00113923,0.000379743,0.00113923,0.000379743
80,975.784,0.38587,0.31935,0.79629,0.88565,0.68611,0.66512,0.55748,0.34888,0.40106,0.81037,0.00108972,0.000363239,0.00108972,0.000363239,0.00108972,0.000363239,0.00108972,0.000363239
81,987.672,0.38399,0.31342,0.80806,0.88565,0.68611,0.66512,0.55748,0.34888,0.40106,0.81037,0.00104021,0.000346736,0.00104021,0.000346736,0.00104021,0.000346736,0.00104021,0.000346736
82,999.641,0.40761,0.33666,0.82025,0.88455,0.68611,0.66512,0.56012,0.34704,0.39493,0.81026,0.000990698,0.000330233,0.000990698,0.000330233,0.000990698,0.000330233,0.000990698,0.000330233
83,1011.71,0.40328,0.34045,0.79934,0.89688,0.68611,0.66559,0.56042,0.34658,0.39366,0.80986,0.000941188,0.000313729,0.000941188,0.000313729,0.000941188,0.000313729,0.000941188,0.000313729
84,1023.8,0.43833,0.4264,0.86262,0.89465,0.68611,0.66536,0.55743,0.34813,0.39279,0.81025,0.000891678,0.000297226,0.000891678,0.000297226,0.000891678,0.000297226,0.000891678,0.000297226
85,1035.82,0.40416,0.31935,0.79564,0.89465,0.68611,0.66536,0.55743,0.34813,0.39279,0.81025,0.000842168,0.000280723,0.000842168,0.000280723,0.000842168,0.000280723,0.000842168,0.000280723
86,1048.08,0.44639,0.35124,0.81653,0.88638,0.68611,0.66512,0.5626,0.34783,0.38958,0.80973,0.000792659,0.00026422,0.000792659,0.00026422,0.000792659,0.00026422,0.000792659,0.00026422
87,1060.33,0.40263,0.33547,0.79178,0.88087,0.69006,0.66505,0.56173,0.346,0.38422,0.81035,0.000743149,0.000247716,0.000743149,0.000247716,0.000743149,0.000247716,0.000743149,0.000247716
88,1072.34,0.43431,0.3397,0.79061,0.87839,0.69473,0.66519,0.56185,0.35076,0.3853,0.81263,0.000693639,0.000231213,0.000693639,0.000231213,0.000693639,0.000231213,0.000693639,0.000231213
89,1084.23,0.40572,0.32765,0.80611,0.87839,0.69473,0.66519,0.56185,0.35076,0.3853,0.81263,0.000644129,0.00021471,0.000644129,0.00021471,0.000644129,0.00021471,0.000644129,0.00021471
90,1096.5,0.39381,0.30497,0.7885,0.87511,0.69473,0.66507,0.56298,0.34915,0.38164,0.81273,0.000594619,0.000198206,0.000594619,0.000198206,0.000594619,0.000198206,0.000594619,0.000198206
91,1108.64,0.38639,0.35414,0.79805,0.86482,0.69473,0.65677,0.56005,0.34871,0.37835,0.81107,0.000545109,0.000181703,0.000545109,0.000181703,0.000545109,0.000181703,0.000545109,0.000181703
92,1120.78,0.39167,0.31848,0.79887,0.85325,0.69473,0.65559,0.56153,0.34797,0.37392,0.80939,0.000495599,0.0001652,0.000495599,0.0001652,0.000495599,0.0001652,0.000495599,0.0001652
93,1132.92,0.37594,0.30845,0.77566,0.85325,0.69473,0.65559,0.56153,0.34797,0.37392,0.80939,0.000446089,0.000148696,0.000446089,0.000148696,0.000446089,0.000148696,0.000446089,0.000148696
94,1145.3,0.3752,0.32042,0.80572,0.84888,0.69473,0.6537,0.55842,0.35079,0.37688,0.81026,0.000396579,0.000132193,0.000396579,0.000132193,0.000396579,0.000132193,0.000396579,0.000132193
95,1157.47,0.40649,0.34912,0.78559,0.8491,0.69473,0.65369,0.55506,0.35027,0.37517,0.81053,0.000347069,0.00011569,0.000347069,0.00011569,0.000347069,0.00011569,0.000347069,0.00011569
96,1169.77,0.38931,0.31592,0.78628,0.85059,0.69473,0.6543,0.55435,0.35231,0.37338,0.81093,0.00029756,9.91865e-05,0.00029756,9.91865e-05,0.00029756,9.91865e-05,0.00029756,9.91865e-05
97,1181.83,0.3562,0.28967,0.79187,0.85059,0.69473,0.6543,0.55435,0.35231,0.37338,0.81093,0.00024805,8.26832e-05,0.00024805,8.26832e-05,0.00024805,8.26832e-05,0.00024805,8.26832e-05
98,1194.05,0.36039,0.28448,0.77584,0.85209,0.69473,0.65198,0.55259,0.35368,0.37285,0.811,0.00019854,6.61799e-05,0.00019854,6.61799e-05,0.00019854,6.61799e-05,0.00019854,6.61799e-05
99,1206.2,0.35116,0.28307,0.78615,0.88661,0.68002,0.65189,0.54897,0.35502,0.37365,0.81164,0.00014903,4.96766e-05,0.00014903,4.96766e-05,0.00014903,4.96766e-05,0.00014903,4.96766e-05
100,1218.62,0.37485,0.29395,0.79201,0.88439,0.68002,0.65234,0.54893,0.35456,0.37237,0.81093,9.95199e-05,3.31733e-05,9.95199e-05,3.31733e-05,9.95199e-05,3.31733e-05,9.95199e-05,3.31733e-05
